<?xml version="1.0" encoding="UTF-8"?>
<project-private xmlns="http://www.netbeans.org/ns/project-private/1">
    <editor-bookmarks xmlns="http://www.netbeans.org/ns/editor-bookmarks/2" lastBookmarkId="0"/>
    <open-files xmlns="http://www.netbeans.org/ns/projectui-open-files/2">
        <group>
            <file>file:/home/cristian/NetBeansProjects/ExIncremental/src/bar/Especial.java</file>
            <file>file:/home/cristian/NetBeansProjects/ExIncremental/src/bar/Produto.java</file>
            <file>file:/home/cristian/NetBeansProjects/ExIncremental/src/teste/Aplicacao.java</file>
            <file>file:/home/cristian/NetBeansProjects/ExIncremental/src/bar/Cliente.java</file>
            <file>file:/home/cristian/NetBeansProjects/ExIncremental/src/bar/Movimento.java</file>
            <file>file:/home/cristian/NetBeansProjects/ExIncremental/src/bar/VIP.java</file>
            <file>file:/home/cristian/NetBeansProjects/ExIncremental/src/bar/Pedido.java</file>
            <file>file:/home/cristian/NetBeansProjects/ExIncremental/src/bar/Bar.java</file>
            <file>file:/home/cristian/NetBeansProjects/ExIncremental/src/bar/Aplicacao.java</file>
        </group>
    </open-files>
</project-private>
