<?xml version="1.0" encoding="UTF-8"?>
<project-private xmlns="http://www.netbeans.org/ns/project-private/1">
    <editor-bookmarks xmlns="http://www.netbeans.org/ns/editor-bookmarks/2" lastBookmarkId="0"/>
    <open-files xmlns="http://www.netbeans.org/ns/projectui-open-files/2">
        <group>
            <file>file:/home/cristian/NetBeansProjects/exFixacao3/src/exfixacao3/ExFixacao3.java</file>
            <file>file:/home/cristian/NetBeansProjects/exFixacao3/src/exfixacao3/Venda.java</file>
            <file>file:/home/cristian/NetBeansProjects/exFixacao3/src/exfixacao3/Mercado.java</file>
            <file>file:/home/cristian/NetBeansProjects/exFixacao3/src/exfixacao3/ItemVenda.java</file>
            <file>file:/home/cristian/NetBeansProjects/exFixacao3/src/exfixacao3/Cliente.java</file>
            <file>file:/home/cristian/NetBeansProjects/exFixacao3/src/exfixacao3/Produto.java</file>
        </group>
    </open-files>
</project-private>
